date,category,forecast_qty,lower_bound,upper_bound,is_forecast
2015-01-01,Accessories,168.69950153566225,152.4604924289233,185.35186887322632,False
2015-02-01,Accessories,165.44194697321106,148.08915669444215,182.05919691242846,False
2015-03-01,Accessories,191.10851026205654,174.85847976134917,207.45102467942735,False
2015-04-01,Accessories,139.29873344132096,121.96438538405467,155.96031166324738,False
2015-05-01,Accessories,227.3591818736147,211.4414560529387,243.56781747365514,False
2015-06-01,Accessories,186.72250608450926,169.38684237378402,203.5078341413174,False
2015-07-01,Accessories,176.65779871692638,161.5426614113996,194.6032020914726,False
2015-08-01,Accessories,196.35387217123252,179.84679116786617,212.9874829465419,False
2015-09-01,Accessories,175.5088141661844,158.87200683931994,192.5509138348674,False
2015-10-01,Accessories,215.11751378612232,199.05040935224343,233.20578059513343,False
2015-11-01,Accessories,214.0475232060602,197.8993466513435,229.36883060005917,False
2015-12-01,Accessories,193.68306951706995,178.3315238343209,210.68206765088294,False
2016-01-01,Accessories,186.32540457513906,170.51385544166067,202.28051752670368,False
2016-02-01,Accessories,176.28500519221964,160.1441005370566,192.36592987463374,False
2016-03-01,Accessories,181.83316536267213,165.17653978158435,198.61595901951287,False
2016-04-01,Accessories,209.05738396924676,191.4715843035866,225.98638341198387,False
2016-05-01,Accessories,216.74292583963032,199.0168277560148,233.3364971710967,False
2016-06-01,Accessories,184.35215447244792,167.0935957420289,201.0735967274135,False
2016-07-01,Accessories,191.31203363943249,174.447870492117,208.23316674254286,False
2016-08-01,Accessories,154.58555840429491,138.58196057208508,171.33163963916581,False
2016-09-01,Accessories,200.39875964747702,183.32252344827916,217.33748716065455,False
2016-10-01,Accessories,242.75571802401896,224.97766394860847,260.3879356425292,False
2016-11-01,Accessories,213.83280126206387,197.60529817745183,230.96996617278006,False
2016-12-01,Accessories,229.2655258473906,212.69689486690876,246.6809727987086,False
2017-01-01,Accessories,157.95411848730282,142.2382151203005,174.1736577534964,False
2017-02-01,Accessories,167.27609386616444,149.73719798770196,183.70698873969633,False
2017-03-01,Accessories,193.24191205665963,177.01594104550614,209.50325849177307,False
2017-04-01,Accessories,193.7634104508646,177.47710812138692,212.21156160161976,False
2017-05-01,Accessories,227.89568637073586,211.32194525123242,244.50506269014014,True
2017-06-01,Accessories,193.00934666486896,176.1876136326863,210.2895976309297,True
2017-07-01,Accessories,194.19880121632053,178.17277005046967,211.27801288349085,True
2017-08-01,Accessories,176.53250623825951,160.49640128968358,192.06866373896383,True
2017-09-01,Accessories,200.3609447246918,183.27781830710703,216.56665541001811,True
2017-10-01,Accessories,241.45574361464102,223.58467806771034,257.82445086556385,True
2017-04-01,As Seen on  TV!,9.000003228407277,9.0000032171716,9.000003240341952,False
2017-05-01,As Seen on  TV!,48.999998797597854,48.999998787180736,48.99999880840607,False
2017-06-01,As Seen on  TV!,28.000005593206446,28.000005582419,28.000005604639906,False
2017-07-01,As Seen on  TV!,62.00000456488833,62.000004554366406,62.00000457592999,False
2017-08-01,As Seen on  TV!,45.000007686317204,45.000007675638805,45.00000769707398,False
2017-09-01,As Seen on  TV!,12.999993826230643,12.999993814638875,12.999993837676504,False
2017-10-01,As Seen on  TV!,-188.1265763196688,-188.1265764396481,-188.12657617492633,True
2017-11-01,As Seen on  TV!,-381.9323433205253,-381.9323437324384,-381.9323428738471,True
2017-12-01,As Seen on  TV!,441.48809683941636,441.48809603452224,441.48809770018124,True
2018-01-01,As Seen on  TV!,590.6994737882908,590.6994724669978,590.6994752720449,True
2018-02-01,As Seen on  TV!,87.34034960163535,87.34034768393619,87.34035167131191,True
2018-03-01,As Seen on  TV!,293.8904071271454,293.890404486318,293.8904099130111,True
2015-01-01,Baseball & Softball,68.17181385283463,47.84805655133028,87.82370114046277,False
2015-02-01,Baseball & Softball,66.67529289433632,46.66290349461465,86.15195519386425,False
2015-03-01,Baseball & Softball,81.7258516527197,62.52418360434601,101.70720311322764,False
2015-04-01,Baseball & Softball,72.67516758854855,53.28635186345296,91.7273295730108,False
2015-05-01,Baseball & Softball,57.09125157310066,36.70620650408048,76.71063525876548,False
2015-06-01,Baseball & Softball,53.251565218971606,35.07390111261721,73.89016647814071,False
2015-07-01,Baseball & Softball,62.93574849245963,42.725528060677746,82.48155256569923,False
2015-08-01,Baseball & Softball,45.966845527484274,25.12107960445314,64.80428857075624,False
2015-09-01,Baseball & Softball,72.7868409483241,53.03971740384558,92.14433746817377,False
2015-10-01,Baseball & Softball,46.01951965859567,28.370553008464146,67.25902640458264,False
2015-11-01,Baseball & Softball,62.62973900764149,43.352646150004645,82.16217115015591,False
2015-12-01,Baseball & Softball,82.36721082261518,62.15922124958839,101.79005762898885,False
2016-01-01,Baseball & Softball,50.18285735736427,31.396017027566124,70.79659064412154,False
2016-02-01,Baseball & Softball,62.3482267551324,44.394944188712884,82.54850503659557,False
2016-03-01,Baseball & Softball,71.92983807668325,52.654578131076086,92.09197392483941,False
2016-04-01,Baseball & Softball,70.18537814175603,51.3284621696505,90.01591544167994,False
2016-05-01,Baseball & Softball,47.92357945541487,27.789864157988244,65.98620793387722,False
2016-06-01,Baseball & Softball,26.30349265782627,7.953081137446233,47.8677362866731,False
2016-07-01,Baseball & Softball,76.19996862465445,56.08288142599343,95.51990108544724,False
2016-08-01,Baseball & Softball,29.30039166257434,10.625226628557844,49.355129419007376,False
2016-09-01,Baseball & Softball,34.66035793830922,14.231032062022834,55.434014571722145,False
2016-10-01,Baseball & Softball,53.006701080439676,33.72989275951548,73.27217891485104,False
2016-11-01,Baseball & Softball,59.36634212276336,40.198780486473765,78.9106230147968,False
2016-12-01,Baseball & Softball,58.65622631573171,39.4904488776358,77.47984353127691,False
2017-01-01,Baseball & Softball,59.641136345538065,41.29371355959475,80.35290744869117,False
2017-02-01,Baseball & Softball,30.907986806797286,9.775192719022046,50.523577828241024,False
2017-03-01,Baseball & Softball,60.418409769723056,40.098874376743396,79.12501005368581,False
2017-04-01,Baseball & Softball,56.14404576418172,37.04454044556412,76.39737580297279,False
2017-05-01,Baseball & Softball,36.00151194551211,15.931494862871274,57.39202836798532,False
2017-06-01,Baseball & Softball,20.446496776800174,-0.9399086250342406,41.004707201804706,False
2017-07-01,Baseball & Softball,56.88921919081198,36.717697743433554,76.42162074903952,False
2017-08-01,Baseball & Softball,19.75309388289181,-0.18742664950873855,38.568692382532596,False
2017-09-01,Baseball & Softball,32.55124256273893,14.24719037689005,52.106493557888776,False
2017-10-01,Baseball & Softball,35.92641371615565,17.016134007831155,56.45841365720498,True
2017-11-01,Baseball & Softball,45.47992179137501,26.198612661871937,65.77686409788235,True
2017-12-01,Baseball & Softball,51.68001764695674,31.488530172181918,71.39469712765795,True
2018-01-01,Baseball & Softball,41.52996034302865,21.84613033534996,61.19012979854097,True
2018-02-01,Baseball & Softball,26.396746696699545,7.463861698759576,45.8444692628371,True
2018-03-01,Baseball & Softball,48.78545935197054,28.17185902573679,69.1667025734053,True
2015-01-01,Boxing & MMA,12.347324370555139,-3.9848473509102837,27.95894814683421,False
2015-02-01,Boxing & MMA,5.743034513722382,-10.91519008864173,22.245955725936152,False
2015-03-01,Boxing & MMA,16.602828582053547,0.9491814711468214,33.722010155260655,False
2015-04-01,Boxing & MMA,27.79461701956862,13.0796283607661,43.82443545517933,False
2015-05-01,Boxing & MMA,28.5533618596287,12.291940751198439,44.36536824998313,False
2015-06-01,Boxing & MMA,29.10810268215039,12.055279295309813,45.96709200026636,False
2015-07-01,Boxing & MMA,18.504850722094613,1.339545612710768,34.6549208957267,False
2015-08-01,Boxing & MMA,33.527905674228684,16.96633580339699,49.245285830816435,False
2015-09-01,Boxing & MMA,32.70226362155145,16.751872289374834,49.04237956230336,False
2015-10-01,Boxing & MMA,34.70395508279446,18.009266551021284,50.76395655760861,False
2015-11-01,Boxing & MMA,23.39437775890782,7.933762289577745,39.53264900954484,False
2015-12-01,Boxing & MMA,30.56348349773165,13.842389817290597,46.35107171146246,False
2016-01-01,Boxing & MMA,26.57080533775304,8.743648862553057,41.96812938012816,False
2016-02-01,Boxing & MMA,17.52683023476818,1.5049985620654702,33.2182783634307,False
2016-03-01,Boxing & MMA,24.469218611058757,7.8241009873735345,40.38066152233228,False
2016-04-01,Boxing & MMA,25.609961710126843,8.379567015640275,42.72275330363307,False
2016-05-01,Boxing & MMA,48.23018143706706,32.276764730966946,63.53793444309879,False
2016-06-01,Boxing & MMA,50.83866522684782,34.622337849914736,66.73791449524172,False
2016-07-01,Boxing & MMA,51.64630327598482,34.76036761556271,67.9979178037742,False
2016-08-01,Boxing & MMA,60.11718082232582,43.52390896588102,75.46092222486473,False
2016-09-01,Boxing & MMA,23.666410500409064,8.473091516862029,40.95669645078077,False
2016-10-01,Boxing & MMA,38.3893940718595,21.146078342404167,54.11124444802179,False
2016-11-01,Boxing & MMA,63.693315001175954,48.18395228956585,78.9513426776107,False
2016-12-01,Boxing & MMA,34.58961779489164,18.293576519260323,50.82586405660669,False
2017-01-01,Boxing & MMA,50.24394802301941,33.65468325016946,65.7642798633522,False
2017-02-01,Boxing & MMA,49.012456771591175,33.77665742746649,64.35677310948476,False
2017-03-01,Boxing & MMA,43.8993428740034,27.896089689455334,59.44674180293281,False
2017-04-01,Boxing & MMA,48.58271347549472,33.19348059781069,65.19627311036959,False
2017-05-01,Boxing & MMA,64.03191929248567,46.902090295735874,80.71894791348758,False
2017-06-01,Boxing & MMA,65.9045091318542,49.77025212570535,81.95069893339696,False
2017-07-01,Boxing & MMA,62.76805949879211,47.34489853890908,79.2858067933228,False
2017-08-01,Boxing & MMA,73.22589154260432,58.46815027151099,90.43925564650127,False
2017-09-01,Boxing & MMA,48.74709052969584,31.015911602383078,62.79327730991936,False
2017-10-01,Boxing & MMA,59.564735399550656,43.25039931218806,75.02230871324979,True
2017-11-01,Boxing & MMA,72.5345939107466,56.567654665590766,87.74122841443344,True
2017-12-01,Boxing & MMA,55.42401489784697,39.28367539377636,72.25074989934186,True
2018-01-01,Boxing & MMA,64.64016490314424,48.77951473470675,80.4007856486159,True
2018-02-01,Boxing & MMA,60.64096412452453,45.219822328688345,76.56175133799802,True
2018-03-01,Boxing & MMA,63.47915806999821,48.28092904049985,80.17946481389289,True
2015-01-01,Camping & Hiking,429.4409509043953,350.5151135821098,497.803797347986,False
2015-02-01,Camping & Hiking,408.6409018523751,337.78455501638837,480.35404453096413,False
2015-03-01,Camping & Hiking,441.2485964276461,367.95915953252273,514.5074884610547,False
2015-04-01,Camping & Hiking,454.0672949056226,386.7561200621763,519.628939451299,False
2015-05-01,Camping & Hiking,423.4360745030217,350.15428537144754,498.1344167520609,False
2015-06-01,Camping & Hiking,425.095135014282,354.85375836346844,498.43211128028673,False
2015-07-01,Camping & Hiking,422.3766125576934,346.45807124849495,501.7017312867012,False
2015-08-01,Camping & Hiking,401.28275161967264,327.63402758120964,475.1521610958656,False
2015-09-01,Camping & Hiking,436.4636681145078,363.9018066888872,512.1424082014812,False
2015-10-01,Camping & Hiking,333.16693615867734,257.40753455874807,405.1543702178293,False
2015-11-01,Camping & Hiking,425.064893030945,347.3840889173234,493.9664716544655,False
2015-12-01,Camping & Hiking,389.60072697077766,317.1317724814731,461.75640064567153,False
2016-01-01,Camping & Hiking,415.0778312646923,343.89942029741457,491.0988022062705,False
2016-02-01,Camping & Hiking,391.38232854900644,318.80230071816476,460.83667532691186,False
2016-03-01,Camping & Hiking,429.3366231782383,354.0414074772804,501.1886655684624,False
2016-04-01,Camping & Hiking,388.215687969567,315.9755830235763,460.1196281541681,False
2016-05-01,Camping & Hiking,431.8345855268506,362.28278007355357,501.95362550923664,False
2016-06-01,Camping & Hiking,414.37250689044794,345.6052616713715,492.69157668385577,False
2016-07-01,Camping & Hiking,427.9722076149754,350.9581654195355,501.44186013868006,False
2016-08-01,Camping & Hiking,418.5685746313951,342.5009209829481,495.1861847553406,False
2016-09-01,Camping & Hiking,414.5000438886968,334.69717376222235,481.5746784988288,False
2016-10-01,Camping & Hiking,261.4509267803877,189.43873765783843,335.8319336268542,False
2016-11-01,Camping & Hiking,430.7194947020256,358.20793338663657,508.2445770371279,False
2016-12-01,Camping & Hiking,394.0713204487871,323.1347590524495,467.83100079979687,False
2017-01-01,Camping & Hiking,411.1176053672157,331.80695363812845,481.8339026500562,False
2017-02-01,Camping & Hiking,396.4694912111537,322.44759087553894,464.91157034389175,False
2017-03-01,Camping & Hiking,417.3101218032683,343.5044077999836,494.8796648311092,False
2017-04-01,Camping & Hiking,394.536952730619,326.0970471379243,468.3592856216409,False
2017-05-01,Camping & Hiking,413.6565131445384,341.5168548057501,483.50727718480783,False
2017-06-01,Camping & Hiking,402.37480147061575,330.3735987056445,471.7803157701087,False
2017-07-01,Camping & Hiking,410.48752035160146,336.73563967913776,485.4307432637781,False
2017-08-01,Camping & Hiking,396.86840156288997,323.2602274673802,472.18162958701095,False
2017-09-01,Camping & Hiking,405.71238646924655,331.2156572225926,484.6872759778717,False
2017-10-01,Camping & Hiking,269.74332359925563,195.9047370659726,342.2947005061964,False
2017-11-01,Camping & Hiking,413.57226250314847,341.60835274802565,486.1054704812266,True
2017-12-01,Camping & Hiking,376.96223870314816,306.1203843077533,450.06590830856794,True
2018-01-01,Camping & Hiking,396.7450907142777,328.61102235722586,474.24615239835884,True
2018-02-01,Camping & Hiking,378.9608543259405,310.1885691648139,452.4670455188993,True
2018-03-01,Camping & Hiking,405.59179618633965,330.6175375175759,474.8282802333153,True
2018-04-01,Camping & Hiking,400.8035450193404,328.5361437062275,469.4792899016018,True
2015-01-01,Cardio Equipment,1279.4917268571567,1085.2233991553844,1471.5487584469238,False
2015-02-01,Cardio Equipment,1135.6467755176163,928.004550360765,1327.9030932939734,False
2015-03-01,Cardio Equipment,1219.7373280474967,1034.0494513940855,1418.602911431051,False
2015-04-01,Cardio Equipment,1097.6386051522204,919.033213060925,1291.175975774618,False
2015-05-01,Cardio Equipment,1401.7853638077622,1200.804801071023,1583.9697102649538,False
2015-06-01,Cardio Equipment,1214.2375885399688,1023.42911518786,1419.907730222316,False
2015-07-01,Cardio Equipment,1079.9980299801184,889.4639384342141,1263.5040057433068,False
2015-08-01,Cardio Equipment,1119.9278618578546,918.3494324270468,1299.9973744771867,False
2015-09-01,Cardio Equipment,1141.900601137074,946.7718482666248,1336.6422697606913,False
2015-10-01,Cardio Equipment,1068.449448589751,879.7051773660423,1266.4475161249732,False
2015-11-01,Cardio Equipment,1129.0880826873367,940.7563626309401,1315.9538901230833,False
2015-12-01,Cardio Equipment,1222.88545141362,1038.4994810995938,1415.0911353264628,False
2016-01-01,Cardio Equipment,1211.2863304355942,1025.1807754527013,1416.0255992213893,False
2016-02-01,Cardio Equipment,1014.3502504284237,825.8768294355045,1222.1086913707254,False
2016-03-01,Cardio Equipment,1088.7380770862312,893.3106734410105,1280.5552271780634,False
2016-04-01,Cardio Equipment,1147.049666127928,946.7791390501244,1333.5156946982677,False
2016-05-01,Cardio Equipment,1011.4476818280529,830.192125666926,1204.2575993574471,False
2016-06-01,Cardio Equipment,1090.6389343227206,894.4341680708117,1259.8512643741806,False
2016-07-01,Cardio Equipment,1229.725782353325,1046.8302047337472,1421.5052753507794,False
2016-08-01,Cardio Equipment,1248.4688382987251,1067.4071268234484,1431.669092274781,False
2016-09-01,Cardio Equipment,1109.4206025903266,906.1343199121508,1298.3510269587964,False
2016-10-01,Cardio Equipment,643.0689241554021,461.21900072923773,843.0458431572586,False
2016-11-01,Cardio Equipment,1166.5243754247117,972.2945529164886,1358.4345819172997,False
2016-12-01,Cardio Equipment,1130.150122404214,922.9035436779465,1313.0529337614935,False
2017-01-01,Cardio Equipment,1150.4154406673056,968.2701198432518,1334.7460362115798,False
2017-02-01,Cardio Equipment,1116.1894232608486,912.7606703816327,1299.2202686960766,False
2017-03-01,Cardio Equipment,1044.0932723268445,866.8618304417953,1234.436635030722,False
2017-04-01,Cardio Equipment,1041.5518743440118,853.0989699910306,1234.6870280629937,False
2017-05-01,Cardio Equipment,1053.851249818722,862.2168814210452,1236.2859426535094,False
2017-06-01,Cardio Equipment,1047.037030221486,854.5992227943403,1231.502340887236,False
2017-07-01,Cardio Equipment,1093.7336945331817,901.8159922687643,1307.3491612121866,False
2017-08-01,Cardio Equipment,1116.8640558872983,923.0631658888587,1301.8071725351765,False
2017-09-01,Cardio Equipment,1029.843539717768,831.7325567191768,1234.2074276185608,False
2017-10-01,Cardio Equipment,697.1169159341671,515.8529395332439,881.6170439805488,False
2017-11-01,Cardio Equipment,1068.03528814223,875.987842699131,1264.683071740135,True
2017-12-01,Cardio Equipment,1073.8974257040168,885.9134683747748,1232.3903881791296,True
2018-01-01,Cardio Equipment,1084.1357723959368,902.2145274259775,1280.1488746710118,True
2018-02-01,Cardio Equipment,994.5354935365178,798.6079947340427,1184.7581149036378,True
2018-03-01,Cardio Equipment,1000.1606322396864,804.5255043605003,1198.0821519981212,True
2018-04-01,Cardio Equipment,937.4783564012471,743.612522227444,1130.2769880883955,True
2015-01-01,Cleats,2391.22164024027,2004.0356899948397,2748.848086264581,False
2015-02-01,Cleats,2172.0635003281855,1803.1912737747477,2517.6959530703602,False
2015-03-01,Cleats,2497.545967452432,2126.7208621261184,2875.3068705681976,False
2015-04-01,Cleats,2348.715131560402,1982.5723371512934,2689.68570859484,False
2015-05-01,Cleats,2326.589736405436,1956.1661349504388,2648.650543152173,False
2015-06-01,Cleats,2207.4002183550756,1824.6002512993323,2598.7363839349064,False
2015-07-01,Cleats,2378.0055854521215,2001.2730090704474,2722.6185039280454,False
2015-08-01,Cleats,2472.5901437620737,2104.942596068809,2844.1561506264884,False
2015-09-01,Cleats,2210.530302669244,1845.5645991706149,2574.064464296852,False
2015-10-01,Cleats,1784.7000996420709,1441.7910181438451,2157.8197367343505,False
2015-11-01,Cleats,2254.953147183434,1917.808828197953,2591.0515345824033,False
2015-12-01,Cleats,2283.097840374273,1920.6181780856937,2621.8346544099863,False
2016-01-01,Cleats,2273.132998714134,1901.7935927895712,2647.4316445959307,False
2016-02-01,Cleats,2057.799339468465,1671.709967789189,2470.8739903223036,False
2016-03-01,Cleats,2274.0734379070595,1916.536640900112,2630.3463365942453,False
2016-04-01,Cleats,2191.1627133347483,1826.1211712853474,2533.512783806586,False
2016-05-01,Cleats,2350.0530378029125,1973.041906436704,2720.2559904030345,False
2016-06-01,Cleats,2078.1296736693957,1718.9668737384907,2485.69370156178,False
2016-07-01,Cleats,2271.500366807685,1888.7247139066737,2623.3786904829512,False
2016-08-01,Cleats,2332.1440761900208,1956.185306114352,2686.3138254536802,False
2016-09-01,Cleats,2226.868187524789,1851.7815940003354,2595.3929323141583,False
2016-10-01,Cleats,1402.8459360468469,1048.0731292550365,1770.259115963265,False
2016-11-01,Cleats,2209.4700284046767,1845.2525532945654,2575.9248699121704,False
2016-12-01,Cleats,2295.306746537178,1941.1082941254351,2665.312686756807,False
2017-01-01,Cleats,2182.5141165257473,1814.7610905738306,2552.5620552134615,False
2017-02-01,Cleats,1956.4104608659652,1592.55016081565,2332.42362072637,False
2017-03-01,Cleats,2199.5873303634667,1813.6262230167704,2566.667317171397,False
2017-04-01,Cleats,2095.7844263876177,1750.9909643453793,2472.5632610771363,False
2017-05-01,Cleats,2193.540576088806,1811.7516021666277,2568.7331368166283,False
2017-06-01,Cleats,1971.6022040775038,1614.9392528583471,2324.995379377845,False
2017-07-01,Cleats,2157.790697289164,1776.0366282173018,2525.9565321353293,False
2017-08-01,Cleats,2230.107828696412,1868.275947490615,2602.094699427801,False
2017-09-01,Cleats,2071.447852292282,1687.5172858946146,2421.233821644946,False
2017-10-01,Cleats,1380.853335209643,1019.4876053171336,1727.9248276675105,False
2017-11-01,Cleats,2077.4188953683206,1702.1434546965852,2477.440620616817,True
2017-12-01,Cleats,2142.276717194525,1783.4666243280399,2486.592044298114,True
2018-01-01,Cleats,2062.9177682865766,1705.2312886259,2444.8201291142627,True
2018-02-01,Cleats,1840.158729467306,1466.3342422813232,2175.3845292513934,True
2018-03-01,Cleats,2125.0242053932307,1763.3705179770961,2488.834794186919,True
2018-04-01,Cleats,1999.2367200528158,1622.5907192977008,2353.6902394245,True
2015-01-01,Electronics,350.7354043350791,330.9478222783044,370.3184691047542,False
2015-02-01,Electronics,342.7000884199409,324.72914740449454,362.6311245308348,False
2015-03-01,Electronics,362.29214075593114,343.44989938596376,381.7560248097655,False
2015-04-01,Electronics,263.27676833593523,244.28738958446263,282.78734065206453,False
2015-05-01,Electronics,358.08134463690124,339.6779345193394,377.13024068747535,False
2015-06-01,Electronics,342.1041751688925,323.80583170267835,359.8544917307878,False
2015-07-01,Electronics,367.56992645972554,347.8715517639087,388.47194854507916,False
2015-08-01,Electronics,391.16204319642856,371.14048609089,409.13642503509124,False
2015-09-01,Electronics,368.0933876805529,349.1023396976538,388.18909265473974,False
2015-10-01,Electronics,325.18217226206315,303.9683127118134,343.02791370768745,False
2015-11-01,Electronics,395.5441358615327,376.9890154213552,414.43591011073875,False
2015-12-01,Electronics,402.7812530700958,382.83006134118335,422.977279830339,False
2016-01-01,Electronics,327.31088630775133,309.47401096712406,347.7076330605839,False
2016-02-01,Electronics,316.9877346172739,296.6706548716673,336.3178432298166,False
2016-03-01,Electronics,334.5590311322624,314.8724819376141,354.48653056367795,False
2016-04-01,Electronics,253.58603655651967,233.43338354196104,272.8473037468498,False
2016-05-01,Electronics,337.71565465042426,317.7567503370106,357.75565863265473,False
2016-06-01,Electronics,340.71228126752516,320.7610283714106,360.12966548827643,False
2016-07-01,Electronics,307.36958256612894,289.9731100846661,326.38548385773544,False
2016-08-01,Electronics,359.8393515389988,339.7138110404506,377.8817743370931,False
2016-09-01,Electronics,340.96630067101336,321.58515972013635,359.9804950108321,False
2016-10-01,Electronics,397.0020683342254,378.35370684933804,416.71249528153515,False
2016-11-01,Electronics,335.6545495071209,317.93844575377614,355.8907201471556,False
2016-12-01,Electronics,338.38924380949226,320.0494246312598,357.98595867826117,False
2017-01-01,Electronics,316.0935833045623,295.80599267815444,335.84993448338435,False
2017-02-01,Electronics,313.43781281053896,293.7778904373518,332.78811654256606,False
2017-03-01,Electronics,316.95094143835297,298.8132244897959,335.51695248378354,False
2017-04-01,Electronics,229.93673388351172,211.53138058910946,250.22548403539957,False
2017-05-01,Electronics,317.6229126498663,299.1249453255767,337.52328168422224,True
2017-06-01,Electronics,314.1069693342657,294.53421814239596,332.5519292431232,True
2017-07-01,Electronics,300.4849529094281,281.7662430781062,318.72050132873915,True
2017-08-01,Electronics,343.7089481268632,324.19702911315886,363.361963845671,True
2017-09-01,Electronics,323.6271330124786,303.4156619913217,342.86069318866515,True
2017-10-01,Electronics,345.98733326922184,327.76246922283286,364.88599933306665,True
2015-01-01,Fishing,552.5377299601643,462.75787000871117,639.6758800105241,False
2015-02-01,Fishing,498.254899412574,415.57635581004166,590.148339799714,False
2015-03-01,Fishing,534.4854792271283,449.0907324881293,622.8064988054131,False
2015-04-01,Fishing,540.7425363573752,457.3465474949915,629.1691450305204,False
2015-05-01,Fishing,546.5290792526612,460.34555714424044,633.4824495683348,False
2015-06-01,Fishing,560.0212957136845,477.526986516833,651.1159488356993,False
2015-07-01,Fishing,544.0373019937921,461.19581926250925,631.597948766356,False
2015-08-01,Fishing,531.0732366647585,451.6981601101748,623.9981357872283,False
2015-09-01,Fishing,529.5531382721265,439.83048438901545,620.2264472237828,False
2015-10-01,Fishing,420.45229357796995,334.3179043318337,507.64707957666246,False
2015-11-01,Fishing,533.4020643699616,447.3629676648736,619.7989583058896,False
2015-12-01,Fishing,551.2046040826131,465.3680799317985,642.8690055140781,False
2016-01-01,Fishing,538.463253697254,454.86245851064416,622.3044836866318,False
2016-02-01,Fishing,478.2539291584324,393.73726441457563,567.2840006831912,False
2016-03-01,Fishing,528.5817237943294,440.11335997492813,618.80155020606,False
2016-04-01,Fishing,522.4577393162516,440.8275150337606,608.8445847575756,False
2016-05-01,Fishing,508.85943454733996,422.72184227894917,597.8099372099023,False
2016-06-01,Fishing,531.5711815813074,438.1432250540333,617.6634531948259,False
2016-07-01,Fishing,529.4452792867099,440.68656669628587,618.0327836481237,False
2016-08-01,Fishing,544.7655977164039,453.5395067377979,627.9276220773882,False
2016-09-01,Fishing,540.9533840545512,453.881884025086,634.0656809030246,False
2016-10-01,Fishing,308.594572693192,222.06068696617973,397.5396241295371,False
2016-11-01,Fishing,565.909213063411,480.61021593670426,647.4799988425948,False
2016-12-01,Fishing,533.9716219173358,446.34627886405764,616.1146142493807,False
2017-01-01,Fishing,507.0995850891639,422.58983425376897,595.0210504689906,False
2017-02-01,Fishing,464.46942834432605,372.1555140426391,550.044333803399,False
2017-03-01,Fishing,505.9752953998069,418.1159944290195,596.9609106689768,False
2017-04-01,Fishing,503.8639275683381,419.5654421786018,599.1990476866994,False
2017-05-01,Fishing,496.85931555358485,404.19086332058447,584.7136789926768,False
2017-06-01,Fishing,516.701179715682,425.4693310766111,607.5957285596974,False
2017-07-01,Fishing,510.024527054258,423.00562892375467,599.1587165968633,False
2017-08-01,Fishing,515.7138687696153,431.81013375411163,605.7509230922569,False
2017-09-01,Fishing,512.1453225886204,424.85692074779024,599.8828466148071,False
2017-10-01,Fishing,321.3566562083099,229.37256322430778,409.4151132942874,False
2017-11-01,Fishing,530.9754657387452,437.5228699464603,617.8984879037645,True
2017-12-01,Fishing,515.0522195928961,419.2281009694057,608.8817858909331,True
2018-01-01,Fishing,493.0451619104254,405.6356332097302,581.1144541744048,True
2018-02-01,Fishing,444.62375017447533,352.5203577337488,532.0647857320743,True
2018-03-01,Fishing,483.4227283246705,395.61585775180004,568.2224037422449,True
2018-04-01,Fishing,485.4402635337941,405.56608524171645,574.2288415199523,True
2015-01-01,Fitness Accessories,38.656676546169855,28.875999245588954,47.27484197808833,False
2015-02-01,Fitness Accessories,23.146261330926677,13.559351421795784,32.6908771902066,False
2015-03-01,Fitness Accessories,26.045947993006294,16.449899824025206,35.65156372789139,False
2015-04-01,Fitness Accessories,61.15979245259641,51.95657142923158,70.39175377533427,False
2015-05-01,Fitness Accessories,28.08903120381935,19.305480838318186,37.6680738339366,False
2015-06-01,Fitness Accessories,36.57184753626278,27.28512195589467,45.584776926386,False
2015-07-01,Fitness Accessories,22.63804414098429,13.63969195009291,32.162306442258796,False
2015-08-01,Fitness Accessories,31.052692309918275,21.58194838623427,40.597786930217254,False
2015-09-01,Fitness Accessories,26.830296904418944,17.48249967862671,36.89756287877885,False
2015-10-01,Fitness Accessories,42.84911261619128,32.6975888957843,51.874805288720296,False
2015-11-01,Fitness Accessories,39.509793951031384,29.95099948489367,48.90401363386459,False
2015-12-01,Fitness Accessories,30.915681565006516,21.9040427418349,39.871915962807186,False
2016-01-01,Fitness Accessories,33.05656985085351,23.57200635711674,42.47688899565755,False
2016-02-01,Fitness Accessories,14.088087938965408,4.681766445556761,23.966357706274962,False
2016-03-01,Fitness Accessories,30.211593641959997,19.835122527038372,39.85774965216986,False
2016-04-01,Fitness Accessories,19.37555893868958,9.280399662969096,28.78080926109309,False
2016-05-01,Fitness Accessories,41.92801318544667,32.367209364472345,51.920399053799386,False
2016-06-01,Fitness Accessories,16.433084831663983,6.263058998109508,25.989012635853328,False
2016-07-01,Fitness Accessories,27.355713201038107,17.57731082322247,36.70664311530942,False
2016-08-01,Fitness Accessories,40.93389533617558,31.065009871028867,50.60491253858958,False
2016-09-01,Fitness Accessories,22.338727162488162,13.032088383819872,31.406958808166927,False
2016-10-01,Fitness Accessories,16.63408815360652,7.036161894537232,26.185865294685296,False
2016-11-01,Fitness Accessories,26.474600714269673,17.1404242877302,35.99607187052157,False
2016-12-01,Fitness Accessories,36.086979933880365,26.55398547247601,44.785049281743014,False
2017-01-01,Fitness Accessories,26.29097498213706,17.287053975136295,35.82016920295314,False
2017-02-01,Fitness Accessories,17.757716750072642,8.91983900647975,26.784608484044437,False
2017-03-01,Fitness Accessories,20.792478521391022,10.922711483757164,30.109925235552968,False
2017-04-01,Fitness Accessories,25.47912566569392,15.931025586266701,35.19988035555227,False
2017-09-01,Fitness Accessories,15.808977960285906,6.288415548039962,25.522652372182982,False
2017-10-01,Fitness Accessories,17.498384604185777,7.685659027741115,26.763341575604123,False
2017-11-01,Fitness Accessories,23.136709240825112,14.515817828847766,32.35509403769042,True
2017-12-01,Fitness Accessories,26.61921120458245,16.511756884101814,35.58891631438882,True
2018-01-01,Fitness Accessories,20.74601355123147,11.500484704055397,29.588567089583094,True
2018-02-01,Fitness Accessories,8.714996874563537,-0.9107823358289107,17.536409525716525,True
2018-03-01,Fitness Accessories,11.575434776031813,1.8677326093743989,20.190688726883742,True
2018-04-01,Fitness Accessories,31.582998327893726,22.069324483622843,40.34223664903913,True
2015-01-01,Girls' Apparel,107.46742329248725,99.87538251740182,115.05097975353542,False
2015-02-01,Girls' Apparel,154.64512602139675,147.0882006541061,161.95952067267865,False
2015-03-01,Girls' Apparel,144.312526211441,136.87745164631897,152.6833886873404,False
2015-04-01,Girls' Apparel,142.4241688653897,134.04115253124957,150.8182650627728,False
2015-05-01,Girls' Apparel,139.6663288410376,132.2046665901553,147.70592862802758,False
2015-06-01,Girls' Apparel,154.55018381688907,146.66391433783002,162.1186850498186,False
2015-07-01,Girls' Apparel,137.83434787498086,130.27543856477223,145.6910789684035,False
2015-08-01,Girls' Apparel,133.34301829651963,125.70616399448949,140.85680284430342,False
2015-09-01,Girls' Apparel,118.66477580935745,110.7109879387621,126.57142114868431,False
2015-10-01,Girls' Apparel,165.51966248364226,157.64910826556235,173.4858158488984,False
2015-11-01,Girls' Apparel,107.21721058396096,99.2983204756764,114.79279803482329,False
2015-12-01,Girls' Apparel,132.23335815847497,124.40612472728667,140.43005278384004,False
2016-01-01,Girls' Apparel,97.33066820984405,89.6129514135121,104.61765752818923,False
2016-02-01,Girls' Apparel,151.72516447529344,144.15857772987926,159.11726912247858,False
2016-03-01,Girls' Apparel,146.44376265852722,138.4030833283402,153.71507205120167,False
2016-04-01,Girls' Apparel,130.50920758943397,122.83893075268298,138.8156937854171,False
2016-05-01,Girls' Apparel,135.2995586213363,127.3781502638004,142.7352880469321,False
2016-06-01,Girls' Apparel,132.4107496666957,124.64875610605516,140.18483492666925,False
2016-07-01,Girls' Apparel,135.1632051483668,127.22128081065395,143.08997743682198,False
2016-08-01,Girls' Apparel,133.65949150309052,126.00133482333277,141.8037676557413,False
2016-09-01,Girls' Apparel,108.34326140687229,100.42617925137553,116.60052392760612,False
2016-10-01,Girls' Apparel,131.50930255779673,123.72397215485047,139.6235052388946,False
2016-11-01,Girls' Apparel,94.80330231126668,86.87668774699269,102.42318270131382,False
2016-12-01,Girls' Apparel,135.7789075176091,128.29785532725086,144.17226710013566,False
2017-01-01,Girls' Apparel,86.20943607359871,77.84440122187944,93.84760065870758,False
2017-02-01,Girls' Apparel,117.60493238593075,109.32723376730338,125.03098678663461,False
2017-03-01,Girls' Apparel,126.20804776271918,118.5422489560766,134.16056640751484,False
2017-04-01,Girls' Apparel,114.0229585566046,106.15533707441625,121.91754106949917,False
2017-05-01,Girls' Apparel,115.45514572254126,107.87639877238499,123.38936752372796,True
2017-06-01,Girls' Apparel,117.7094788939111,109.75465120078337,125.65660784728469,True
2017-07-01,Girls' Apparel,113.75775509568882,105.90315918211283,120.85106427831913,True
2017-08-01,Girls' Apparel,110.83035369455452,103.51924296874779,118.93021501078617,True
2017-09-01,Girls' Apparel,88.65273060230783,80.42830004077312,96.62948273068895,True
2017-10-01,Girls' Apparel,119.62899377354698,112.29375215301239,127.29607530261728,True
2015-01-01,Golf Apparel,23.725911444281042,16.74652446821727,30.385986447304447,False
2015-02-01,Golf Apparel,32.67536066940776,26.55238784973022,39.205582285013925,False
2015-03-01,Golf Apparel,14.660296736632741,8.266865127075134,21.132812510776255,False
2015-04-01,Golf Apparel,42.37273718584049,35.8669548698155,48.85017127258784,False
2015-05-01,Golf Apparel,30.643624115043107,24.14772281815139,37.0163295606243,False
2015-06-01,Golf Apparel,41.54367070366854,34.862508269535574,47.81254275236507,False
2015-07-01,Golf Apparel,43.72228206821175,37.08056369754089,50.49989134578912,False
2015-08-01,Golf Apparel,45.12180776507284,38.44114973942114,51.58153476095425,False
2015-09-01,Golf Apparel,14.942216457866301,8.219680884699677,21.6164691296061,False
2015-10-01,Golf Apparel,29.425405315705653,22.554023853679773,36.351126457378584,False
2015-11-01,Golf Apparel,39.646797761074,33.343395737496564,46.32975352874927,False
2015-12-01,Golf Apparel,35.49971348551981,28.559754854418983,42.54900947393517,False
2016-01-01,Golf Apparel,20.95254391229153,14.060447371218,27.713314576551223,False
2016-02-01,Golf Apparel,32.595405333245836,25.413498226796587,39.53438800812265,False
2016-03-01,Golf Apparel,26.680259838150953,19.705779847389447,33.4549244752914,False
2016-04-01,Golf Apparel,36.96843293841726,29.7009581915761,43.10725006939954,False
2016-05-01,Golf Apparel,35.54508134783095,28.928057745739473,42.733769475183,False
2016-06-01,Golf Apparel,24.998451944001957,18.054374574509414,31.195489367597826,False
2016-07-01,Golf Apparel,33.94643849094,27.965146683992785,40.80275013093045,False
2016-08-01,Golf Apparel,47.219487014539816,40.546600397844934,54.28610516109332,False
2016-09-01,Golf Apparel,30.592410448441598,23.537363844184274,36.93893719378663,False
2016-10-01,Golf Apparel,24.56457298651365,18.08471463712745,31.062495215824033,False
2016-11-01,Golf Apparel,31.357263354177835,24.318363613998322,37.967250688932545,False
2016-12-01,Golf Apparel,27.523949277415145,20.528759925478287,34.574963734835364,False
2017-01-01,Golf Apparel,20.329760209068997,13.218965228565466,26.960156865247136,False
2017-02-01,Golf Apparel,23.76005571474415,17.11480303228606,30.290139647646022,False
2017-03-01,Golf Apparel,19.719817744928307,13.460170063107565,25.908773331690192,False
2017-04-01,Golf Apparel,35.763496771773326,29.389059291261805,42.60472283938473,False
2017-05-01,Golf Apparel,30.868803567820393,24.16939421928088,37.67265253817877,False
2017-06-01,Golf Apparel,27.494915703031058,20.58361284742268,34.33400121304969,False
2017-07-01,Golf Apparel,34.36499945394819,27.462965489343087,41.436080706147756,False
2017-08-01,Golf Apparel,43.71517306472833,36.86804294240191,50.293834479541644,False
2017-09-01,Golf Apparel,22.400195163176782,15.719237034358265,29.59689570502341,False
2017-10-01,Golf Apparel,23.09984542283428,16.390263502547203,29.699520856749174,True
2017-11-01,Golf Apparel,31.11603159754463,24.49712029724363,38.28534167595711,True
2017-12-01,Golf Apparel,27.258763158556242,20.116156651481507,33.86918805000007,True
2018-01-01,Golf Apparel,17.61036705628072,10.750288729327904,24.576188466525196,True
2018-02-01,Golf Apparel,23.82190311803233,16.84559486992483,30.480579172394158,True
2018-03-01,Golf Apparel,12.756680886485551,6.379936809155003,18.840905934615805,True
2015-01-01,Golf Balls,178.8327661398447,158.75308618584205,198.80062696955446,False
2015-02-01,Golf Balls,159.2529362672424,137.66369446128604,180.5173998297844,False
2015-03-01,Golf Balls,206.23220977065836,185.47222544269079,227.42134031046874,False
2015-04-01,Golf Balls,153.02726513616693,132.4894652128818,173.72228703770128,False
2015-05-01,Golf Balls,189.75490169194356,168.94870172130277,210.70681735113726,False
2015-06-01,Golf Balls,121.62053312953037,101.57538393736316,142.25585123748763,False
2015-07-01,Golf Balls,139.17045679269697,117.3344879979718,161.3305028389477,False
2015-08-01,Golf Balls,186.23169957376513,163.53190452191376,207.1997645860215,False
2015-09-01,Golf Balls,156.43258358494606,135.82284585577523,178.53515082179106,False
2015-10-01,Golf Balls,207.5489838730757,186.42630900529127,229.0500181942027,False
2015-11-01,Golf Balls,168.92291130794834,147.16970314728457,190.11430281898603,False
2015-12-01,Golf Balls,174.495288162763,152.46814812189544,195.01088440060252,False
2016-01-01,Golf Balls,152.07374103262913,129.9782096985548,172.0290523028924,False
2016-02-01,Golf Balls,132.17392893335125,112.51370798360176,152.94842509842294,False
2016-03-01,Golf Balls,123.7233548925912,103.52282977879311,144.22293620505005,False
2016-04-01,Golf Balls,126.41388882419952,104.83619249864493,147.54694247585542,False
2016-05-01,Golf Balls,155.09345757877676,134.72347174028192,175.9105914200728,False
2016-06-01,Golf Balls,163.24120044968282,142.32910458989807,184.08063240034946,False
2016-07-01,Golf Balls,159.6986556379202,139.26521382372704,180.88843911379558,False
2016-08-01,Golf Balls,110.6891924989996,90.03029082860202,133.71606793683915,False
2016-09-01,Golf Balls,192.53609058093062,171.1014180829151,213.44274958782978,False
2016-10-01,Golf Balls,128.51561345888538,108.61527253836954,151.80417490181765,False
2016-11-01,Golf Balls,136.1905592760366,114.02849107023474,156.31569754330363,False
2016-12-01,Golf Balls,188.64826775472005,166.7578423247463,209.2241152207256,False
2017-01-01,Golf Balls,172.23209661393773,151.34866370664164,194.5487901996076,False
2017-02-01,Golf Balls,154.7767255396127,132.40212682208724,174.88551057262703,False
2017-03-01,Golf Balls,130.95178066041834,108.85919395679731,151.6645188587227,False
2017-04-01,Golf Balls,115.48763088934528,95.44829809534117,135.28033718612508,False
2017-05-01,Golf Balls,147.08067313334502,124.67009013658229,169.07671761986643,True
2017-06-01,Golf Balls,129.58619770026164,110.17720966141302,151.16179317268052,True
2017-07-01,Golf Balls,132.3079059486362,111.01611801795988,153.30389676821025,True
2017-08-01,Golf Balls,115.65863403075984,92.96812663713408,136.57808412959773,True
2017-09-01,Golf Balls,160.33016987166513,138.83717108482801,180.7992564673797,True
2017-10-01,Golf Balls,134.63933826224758,114.88347810309577,155.25081972354099,True
2015-01-01,Golf Gloves,87.1461375942839,75.8185062131545,97.66465474959139,False
2015-02-01,Golf Gloves,86.23283998858192,75.53560243786772,97.30940472470543,False
2015-03-01,Golf Gloves,110.55285448637984,100.52845273908308,121.00235123560155,False
2015-04-01,Golf Gloves,96.48639613902394,85.4378381779002,107.07556963415833,False
2015-05-01,Golf Gloves,138.4842814483191,127.25945806195845,149.09993579723033,False
2015-06-01,Golf Gloves,88.86773172301562,77.81101436349216,99.55951592470808,False
2015-07-01,Golf Gloves,84.41142700029222,73.49494596954696,95.42306702128266,False
2015-08-01,Golf Gloves,67.4186313260401,56.8573937449319,78.321433684753,False
2015-09-01,Golf Gloves,85.53975035839173,74.93616255465606,95.68259902720776,False
2015-10-01,Golf Gloves,92.29073060745681,82.33194692345131,103.8025281213921,False
2015-11-01,Golf Gloves,150.82725689484255,140.07042626704785,161.7563195409349,False
2015-12-01,Golf Gloves,93.34329551781562,82.78020511485335,104.01789252836525,False
2016-01-01,Golf Gloves,78.29684815223068,68.31827209545021,88.72095700724302,False
2016-02-01,Golf Gloves,75.70346930387527,65.41618901189311,86.0921098974813,False
2016-03-01,Golf Gloves,110.67673267280153,100.39211314138026,122.41944261151204,False
2016-04-01,Golf Gloves,84.76121085653804,73.61701598084846,94.89316032143059,False
2016-05-01,Golf Gloves,108.60023738063937,97.96449533128687,119.68007276713988,False
2016-06-01,Golf Gloves,79.83198838704978,69.34030101974405,90.92258596093508,False
2016-07-01,Golf Gloves,74.95430606360198,63.79984270047007,86.16331132034932,False
2016-08-01,Golf Gloves,100.71870650241104,89.57438091908881,111.67118212597477,False
2016-09-01,Golf Gloves,56.30382906170693,44.76375412029961,67.12304397012961,False
2016-10-01,Golf Gloves,96.70059285783991,85.86455420377541,107.5052512357387,False
2016-11-01,Golf Gloves,105.15736617207843,94.48201795110273,115.9539148966566,False
2016-12-01,Golf Gloves,100.70050967153497,89.74667007427094,111.39814714304221,False
2017-01-01,Golf Gloves,72.61333335953205,62.12476564164678,84.16816696022029,False
2017-02-01,Golf Gloves,75.12186444797938,64.0728382977556,86.19989174104822,False
2017-03-01,Golf Gloves,99.82706396235068,88.50385382531022,111.03577867774568,False
2017-04-01,Golf Gloves,77.7878491833037,67.31479004507418,87.96609871523594,False
2017-05-01,Golf Gloves,107.89055659726789,97.18270463588094,118.9215307683285,False
2017-06-01,Golf Gloves,72.2895044025317,61.88968008696728,83.28907937933053,False
2017-07-01,Golf Gloves,67.60032518202402,57.15300241539025,78.19285277346387,False
2017-08-01,Golf Gloves,78.83007885335711,68.18796938855886,89.90548643085384,False
2017-09-01,Golf Gloves,55.13712528715629,44.07400386173733,65.82367633784723,False
2017-10-01,Golf Gloves,84.39928909217367,73.8096513002297,95.88718994333362,True
2017-11-01,Golf Gloves,109.71018843092392,98.8908125787106,119.4037452685274,True
2017-12-01,Golf Gloves,87.73998427823955,76.70299953258193,98.30552283798062,True
2018-01-01,Golf Gloves,63.835355504954045,52.45154020515892,74.585482993269,True
2018-02-01,Golf Gloves,64.62305526843987,54.22903398638159,75.54599362343353,True
2018-03-01,Golf Gloves,89.07602157198268,78.41584519327898,101.21409661544764,True
2015-01-01,Golf Shoes,15.113751489074069,-8.301441761899474,38.20945780022282,False
2015-02-01,Golf Shoes,27.74349756768384,3.1286680438428687,49.113513193481346,False
2015-03-01,Golf Shoes,29.558815156352594,5.012801573969991,53.235145730838475,False
2015-04-01,Golf Shoes,7.9236437645630176,-15.511482251763926,34.2892438334713,False
2015-05-01,Golf Shoes,54.53947199544092,31.61417645881566,79.04361667243187,False
2015-06-01,Golf Shoes,62.2514474627671,38.702436166835334,85.9258266425762,False
2015-07-01,Golf Shoes,43.0590692854815,20.534387354679808,68.30637072751311,False
2015-08-01,Golf Shoes,41.963613071386575,18.666059406669607,66.39494582560974,False
2015-09-01,Golf Shoes,19.869009138758486,-5.293936482101759,44.73326800634856,False
2015-10-01,Golf Shoes,22.80702085983802,-1.1888158026200217,48.5976063966005,False
2015-11-01,Golf Shoes,18.862572847249726,-3.9019187574821506,44.07217306783487,False
2015-12-01,Golf Shoes,29.987375283432772,6.6228450301025,53.79474485033271,False
2016-01-01,Golf Shoes,27.03252645117636,4.731731386096628,51.672539160884305,False
2016-02-01,Golf Shoes,39.75741739954758,16.351067321860732,64.04303847054614,False
2016-03-01,Golf Shoes,17.1872480224129,-5.809818991593711,41.688766405329446,False
2016-04-01,Golf Shoes,48.942931668967994,25.318037703560393,73.03316300961085,False
2016-05-01,Golf Shoes,59.722044614392885,34.9130995319269,85.34002563302658,False
2016-06-01,Golf Shoes,73.29551470817299,49.13667432181135,95.84831110766717,False
2016-07-01,Golf Shoes,56.88869109141064,31.021353547667733,79.867013420616,False
2016-08-01,Golf Shoes,57.19157739648999,31.89082123394127,79.9397985696761,False
2016-09-01,Golf Shoes,34.73450430113438,11.254873660267902,59.51058093777733,False
2016-10-01,Golf Shoes,36.258655560885586,12.450666624638536,60.60579934675034,False
2016-11-01,Golf Shoes,18.238770106478068,-5.709597699593356,41.78530941108402,False
2016-12-01,Golf Shoes,55.98996402529552,32.94141354563397,77.81321288391794,False
2017-01-01,Golf Shoes,44.90538669804426,22.009974262096055,68.8816315720804,False
2017-02-01,Golf Shoes,57.54102326404215,34.210965953059606,82.72708796959911,False
2017-03-01,Golf Shoes,39.237876054018585,14.28065926138071,64.62070648930003,False
2017-04-01,Golf Shoes,53.17473619134802,26.93916573252349,77.22259156877844,False
2017-05-01,Golf Shoes,75.7248762846921,50.29077121012596,99.92925421324694,False
2017-06-01,Golf Shoes,87.45934550804138,64.66262242851673,111.0627028089568,False
2017-07-01,Golf Shoes,70.12364777070897,46.60430932908377,92.81909400612389,False
2017-08-01,Golf Shoes,69.94736526919496,46.52814733295226,94.16313575760074,False
2017-09-01,Golf Shoes,47.57728822075272,24.980300036463806,70.98603959191858,False
2017-10-01,Golf Shoes,49.54669437989046,26.644067160500004,72.71628493433076,True
2017-11-01,Golf Shoes,36.32245733150552,11.623117097209589,60.464073516373645,True
2017-12-01,Golf Shoes,65.23218254842588,41.034439740039424,88.29125840295384,True
2018-01-01,Golf Shoes,56.72189545722171,33.07308752081092,80.96390230333422,True
2018-02-01,Golf Shoes,69.32097196703936,45.58722528962495,92.82959473954052,True
2018-03-01,Golf Shoes,61.189059908434565,37.113178284511406,85.76685749841774,True
2015-01-01,Hockey,76.45434091441085,70.08720878202222,82.98616991503495,False
2015-02-01,Hockey,60.62956983811451,54.27182376746176,66.5677420084281,False
2015-03-01,Hockey,53.655225233961815,47.23608561757298,60.40637355744185,False
2015-04-01,Hockey,53.08630853749036,46.842186803251195,59.18367961894883,False
2015-05-01,Hockey,89.07216756478473,82.72169063272668,95.64170036356931,False
2015-06-01,Hockey,72.61344816735152,66.13043971605967,79.22457442876413,False
2015-07-01,Hockey,54.33165836074831,47.90861223714074,60.47123724607766,False
2015-08-01,Hockey,85.38391463053406,78.62265443511173,91.42484090744273,False
2015-09-01,Hockey,56.79501752243023,50.08973307878804,63.216472432481304,False
2015-10-01,Hockey,64.21869687564164,57.35262719328625,70.95912945110784,False
2015-11-01,Hockey,53.47561619747492,47.47698710871187,59.43894807684645,False
2015-12-01,Hockey,83.68262171297798,77.68765469760949,89.78206643667608,False
2016-01-01,Hockey,78.64828810102986,72.23800301739233,84.60794391349812,False
2016-02-01,Hockey,41.31747866240832,34.65046504997836,47.96412744674782,False
2016-03-01,Hockey,57.689808796385186,51.677211830976084,63.932256400393136,False
2016-04-01,Hockey,33.557256311154276,27.032161871487315,39.392759043352726,False
2016-05-01,Hockey,58.919693891442215,52.337245495745584,65.23308753886634,False
2016-06-01,Hockey,63.38857645916883,57.506872721156334,69.7050182927513,False
2016-07-01,Hockey,68.70713776829992,62.6758925328491,75.19345742192289,False
2016-08-01,Hockey,69.64319217877068,63.15351653488013,75.85858563377141,False
2016-09-01,Hockey,46.70511905312851,40.315489945531326,53.456022827642954,False
2016-10-01,Hockey,50.796239296293145,44.37864692081998,57.56694975582136,False
2016-11-01,Hockey,64.51851216898388,58.05025766563065,70.9673220561563,False
2016-12-01,Hockey,61.26381540251113,54.90906816879491,67.81605587040809,False
2017-01-01,Hockey,36.83465295123385,30.469851037404357,43.52687017218078,False
2017-02-01,Hockey,63.97244895710281,57.526670016516846,70.17234329726841,False
2017-03-01,Hockey,44.60858632644286,38.18966497353805,50.68285035409302,False
2017-04-01,Hockey,28.321880998600005,22.22166537090617,34.506842613144045,False
2017-09-01,Hockey,38.52010387452289,31.874053074145223,45.46298655429663,False
2017-10-01,Hockey,43.79599558106253,37.71334044227197,49.83592736809599,True
2017-11-01,Hockey,49.233592249274835,42.84792805787924,55.36040677179486,True
2017-12-01,Hockey,57.03574075644293,50.550675540015376,63.36488410946709,True
2018-01-01,Hockey,39.452996464698565,33.26473610780052,45.95343465684541,True
2018-02-01,Hockey,45.124307480720155,38.940671303723995,51.36114639038543,True
2018-03-01,Hockey,31.72812063456528,25.138121697594627,38.10018982598915,True
2015-01-01,Hunting & Shooting,34.029849841739576,21.677929717927846,47.128230997755146,False
2015-02-01,Hunting & Shooting,33.31524370903095,20.52546705567584,45.37536125753773,False
2015-03-01,Hunting & Shooting,32.63937863797261,20.193435818958807,44.38335448950502,False
2015-04-01,Hunting & Shooting,32.30800568747644,20.262482780600518,44.97583183447341,False
2015-05-01,Hunting & Shooting,31.100495978043373,18.439036840637872,44.308056950513944,False
2015-06-01,Hunting & Shooting,27.60967436259624,15.906066026351182,40.61463954047744,False
2015-07-01,Hunting & Shooting,42.86537451013616,30.21518492076606,54.70786513776426,False
2015-08-01,Hunting & Shooting,61.526791254304044,50.070736157874244,74.00283778654132,False
2015-09-01,Hunting & Shooting,26.08683411433649,12.848431375007957,39.01591371964847,False
2015-10-01,Hunting & Shooting,19.623885673035705,7.876895756806232,32.25566881020376,False
2015-11-01,Hunting & Shooting,43.00963436786425,30.624102840635626,55.40345507766787,False
2015-12-01,Hunting & Shooting,24.094719210588014,11.668519950566234,37.745274856768006,False
2016-01-01,Hunting & Shooting,37.69088622910635,25.61579065017824,50.246249805352214,False
2016-02-01,Hunting & Shooting,41.44824228326372,27.608883389819912,53.36048474441637,False
2016-03-01,Hunting & Shooting,33.38363331092867,20.984061899855366,45.97996402757665,False
2016-04-01,Hunting & Shooting,60.03102272096024,48.492822969117,72.5007280493114,False
2016-05-01,Hunting & Shooting,22.87005148605556,10.110207380311154,35.16464447861079,False
2016-06-01,Hunting & Shooting,37.56901205388432,24.52365600955646,50.73044146555856,False
2016-07-01,Hunting & Shooting,44.5265777389734,32.95392003870876,57.08054975422083,False
2016-08-01,Hunting & Shooting,38.42270752889638,26.213090880539607,51.09003300957292,False
2016-09-01,Hunting & Shooting,44.046730808017564,31.058353078945512,56.6853677888738,False
2016-10-01,Hunting & Shooting,28.62445268717999,14.982911623256628,40.605847066816565,False
2016-11-01,Hunting & Shooting,43.025404465780326,30.363565218910917,55.369082099687915,False
2016-12-01,Hunting & Shooting,35.05644539472636,22.79690610407714,47.484762065481384,False
2017-01-01,Hunting & Shooting,38.381502074404516,26.776465975367145,51.086446069775384,False
2017-02-01,Hunting & Shooting,28.37545420420293,15.866695288016931,40.136826408620195,False
2017-03-01,Hunting & Shooting,37.088917355005705,25.655975096387607,49.66120956074803,False
2017-04-01,Hunting & Shooting,54.57164783216268,41.2891138313668,66.59230885249504,False
2017-05-01,Hunting & Shooting,29.292088331510357,16.247731109830706,42.67197748893107,False
2017-06-01,Hunting & Shooting,37.99474569187993,25.747584636808977,50.14839813945512,False
2017-07-01,Hunting & Shooting,47.6243025847859,35.179848849734036,60.79225002619797,False
2017-08-01,Hunting & Shooting,49.985004305901754,36.68136685918013,61.92893709783861,False
2017-09-01,Hunting & Shooting,41.99336401089447,28.499490426677035,53.94001065716878,False
2017-10-01,Hunting & Shooting,29.354723929105035,17.637063031034835,42.625044970343694,True
2017-11-01,Hunting & Shooting,46.78136235064085,34.932753462283166,59.54258920390054,True
2017-12-01,Hunting & Shooting,35.12507265950764,22.917650423351756,48.43423449613626,True
2018-01-01,Hunting & Shooting,41.804506548874414,30.13336885278922,54.339682166878134,True
2018-02-01,Hunting & Shooting,36.50037016877456,23.716705147336466,48.32562137896632,True
2018-03-01,Hunting & Shooting,40.613259493193574,27.786699790367315,53.37463206213972,True
2015-01-01,Indoor/Outdoor Games,1926.704813039003,1588.3046585244956,2271.4290951683074,False
2015-02-01,Indoor/Outdoor Games,1795.6814636411173,1498.031100157337,2108.3713802477296,False
2015-03-01,Indoor/Outdoor Games,1971.3810579720364,1657.4468178587497,2268.804295598618,False
2015-04-01,Indoor/Outdoor Games,1854.1773597747517,1532.6413647272814,2153.390126836683,False
2015-05-01,Indoor/Outdoor Games,1780.9372045467567,1470.3898912790846,2092.7882027763,False
2015-06-01,Indoor/Outdoor Games,1754.7142751957708,1431.0174852580765,2082.646350413463,False
2015-07-01,Indoor/Outdoor Games,1889.9863742542311,1582.2022053203016,2207.101799601182,False
2015-08-01,Indoor/Outdoor Games,1657.0597381266034,1333.5294337964262,1975.6927583127058,False
2015-09-01,Indoor/Outdoor Games,1822.255966342116,1516.8438391716104,2139.6881067453173,False
2015-10-01,Indoor/Outdoor Games,1464.5169031754322,1145.4784709182175,1762.6812005560864,False
2015-11-01,Indoor/Outdoor Games,1818.7156198274643,1510.6939440893145,2140.745520988189,False
2015-12-01,Indoor/Outdoor Games,1876.0095576383947,1541.8479620857154,2176.7795594310514,False
2016-01-01,Indoor/Outdoor Games,1821.2596369366042,1499.8874560084125,2133.4522790403057,False
2016-02-01,Indoor/Outdoor Games,1660.6088813770116,1335.99649681396,1978.8776674521764,False
2016-03-01,Indoor/Outdoor Games,1689.9577842643348,1369.021196256196,2017.7401525131436,False
2016-04-01,Indoor/Outdoor Games,1743.7144574771612,1436.4313641683445,2059.765159461274,False
2016-05-01,Indoor/Outdoor Games,1807.8858516752393,1502.0569235369821,2108.8006235431985,False
2016-06-01,Indoor/Outdoor Games,1577.641945346886,1281.377532841369,1920.6874342656024,False
2016-07-01,Indoor/Outdoor Games,1791.7368114705482,1491.0444674125706,2106.8705846974412,False
2016-08-01,Indoor/Outdoor Games,1675.1200831605177,1355.4481310758895,2012.107996853438,False
2016-09-01,Indoor/Outdoor Games,1707.2675733500441,1385.1037381265573,2037.3929316780934,False
2016-10-01,Indoor/Outdoor Games,1226.3681174020746,891.891850623968,1517.0947647228188,False
2016-11-01,Indoor/Outdoor Games,1729.5147768008774,1401.3568987700546,2059.716464129097,False
2016-12-01,Indoor/Outdoor Games,1840.1704112138914,1530.282636575957,2163.133499267957,False
2017-01-01,Indoor/Outdoor Games,1745.0151233453553,1394.0535714037233,2076.706035433272,False
2017-02-01,Indoor/Outdoor Games,1676.3356049179185,1365.9023863641225,1976.0295628585898,False
2017-03-01,Indoor/Outdoor Games,1652.640940531872,1336.482632915452,1997.0902107615368,False
2017-04-01,Indoor/Outdoor Games,1650.9326370313483,1348.1713827154706,1984.9672710782354,False
2017-05-01,Indoor/Outdoor Games,1668.0749047775123,1360.1116709005485,1999.9257432221261,False
2017-06-01,Indoor/Outdoor Games,1505.4435552828734,1184.301275141636,1827.3975565238368,False
2017-07-01,Indoor/Outdoor Games,1694.3671558879137,1359.508774897247,2023.1132315022028,False
2017-08-01,Indoor/Outdoor Games,1537.9840173856262,1234.3733096390322,1808.7634045539648,False
2017-09-01,Indoor/Outdoor Games,1613.679343278381,1285.7555074373997,1939.8908412464016,False
2017-10-01,Indoor/Outdoor Games,1174.8841919559127,853.2662032365183,1490.8364246727958,False
2017-11-01,Indoor/Outdoor Games,1629.5179823490034,1314.390197256111,1968.609650378701,True
2017-12-01,Indoor/Outdoor Games,1721.7223326645242,1387.9338761957915,2065.4791792938963,True
2018-01-01,Indoor/Outdoor Games,1639.66208767381,1322.1831522214786,1954.358575994272,True
2018-02-01,Indoor/Outdoor Games,1539.298514267341,1214.4435396363226,1872.6248305001293,True
2018-03-01,Indoor/Outdoor Games,1615.6519049082005,1307.6642367258369,1930.3113037142393,True
2018-04-01,Indoor/Outdoor Games,1556.938389170385,1247.5807413631667,1890.4939187675989,True
2017-04-01,Kids' Golf Clubs,25.999997252571177,25.99999723990074,25.999997264973643,False
2017-05-01,Kids' Golf Clubs,119.99999059716804,119.99999058465487,119.99999060987003,False
2017-06-01,Kids' Golf Clubs,123.99999718397906,123.99999717184201,123.99999719699515,False
2017-07-01,Kids' Golf Clubs,101.99999685587686,101.9999968441606,101.99999686820668,False
2017-08-01,Kids' Golf Clubs,135.99998173819844,135.99998172612572,135.99998175019735,False
2017-09-01,Kids' Golf Clubs,130.00000686812632,130.00000685573787,130.00000688045677,False
2017-10-01,Kids' Golf Clubs,6.999998260623286,6.999998247882583,6.999998273810597,False
2017-11-01,Kids' Golf Clubs,-512.8703650700473,-512.8703652162221,-512.8703649177979,True
2017-12-01,Kids' Golf Clubs,1071.5389526502036,1071.5389521779202,1071.5389531439125,True
2018-01-01,Kids' Golf Clubs,31.32760892332962,31.32760800219442,31.327609853848116,True
2018-02-01,Kids' Golf Clubs,1182.2538234807112,1182.2538219508288,1182.2538249500897,True
2018-03-01,Kids' Golf Clubs,-1130.4258084063763,-1130.4258104615178,-1130.4258063250138,True
2018-04-01,Kids' Golf Clubs,64.59219754031164,64.59219487784212,64.5922004654883,True
2015-01-01,Lacrosse,26.756663559115232,19.391779791895395,34.467988291407245,False
2015-02-01,Lacrosse,25.623990967145332,18.03556213406545,33.3299871083232,False
2015-03-01,Lacrosse,35.348137226018025,27.618676247979884,43.15382554319482,False
2015-04-01,Lacrosse,20.99520986543899,13.01917907706803,28.461354777079794,False
2015-05-01,Lacrosse,46.4799757651264,38.812890850764006,53.97613192459019,False
2015-06-01,Lacrosse,13.844129151554416,6.278015411961396,21.33944023435945,False
2015-07-01,Lacrosse,28.68676357870774,21.141893319550277,35.83641621149974,False
2015-08-01,Lacrosse,33.04273745340054,25.150696109618007,40.69657220203334,False
2015-09-01,Lacrosse,12.35472771821917,4.616940945644508,19.78898702245878,False
2015-10-01,Lacrosse,37.721671508280856,30.08334085144166,45.44217631667362,False
2015-11-01,Lacrosse,18.632156334495818,11.06888901226435,26.878366947572303,False
2015-12-01,Lacrosse,35.52140424028431,27.62556460781351,43.28486890087836,False
2016-01-01,Lacrosse,28.5043699476782,21.08636753416943,36.31183162935557,False
2016-02-01,Lacrosse,30.038861013190292,22.580029321060792,37.42328471174088,False
2016-03-01,Lacrosse,31.314645013428322,24.04222742927082,39.050091439700324,False
2016-04-01,Lacrosse,32.602585464787595,24.71173974910707,40.55559530324778,False
2016-05-01,Lacrosse,29.524627905010114,21.717522338866537,37.20417898568135,False
2016-06-01,Lacrosse,43.632013381340485,36.2061705510972,51.33354755193928,False
2016-07-01,Lacrosse,33.0519538559728,25.34822139843473,40.752989297290874,False
2016-08-01,Lacrosse,24.0771387385181,16.290728452273214,31.668634928830038,False
2016-09-01,Lacrosse,23.205223793539247,15.740554100111343,30.85787701834529,False
2016-10-01,Lacrosse,23.171711449898897,15.014092118183415,31.40923936953891,False
2016-11-01,Lacrosse,34.26305549697434,26.60206907634152,41.976993652920285,False
2016-12-01,Lacrosse,41.424822117297964,33.95428723099872,49.0600784373565,False
2017-01-01,Lacrosse,37.716144018653296,29.560495762398407,45.39008823889061,False
2017-02-01,Lacrosse,31.32261756520475,23.56348107625251,38.883298198325015,False
2017-03-01,Lacrosse,37.45899261206034,29.331648120504795,44.67691699107017,False
2017-04-01,Lacrosse,33.486386589565505,25.336573657933194,41.38002829282611,False
2017-05-01,Lacrosse,40.05519693385171,32.171072860098256,47.31761282462425,False
2017-06-01,Lacrosse,38.55783023979016,31.678597523980038,46.33851873213466,False
2017-07-01,Lacrosse,36.21008617742857,28.766002455344427,43.58555642298618,False
2017-08-01,Lacrosse,31.803994659309932,24.25448660041868,39.61235819671053,False
2017-09-01,Lacrosse,24.33108704976737,16.64762967051995,32.11849940154259,False
2017-10-01,Lacrosse,32.84641260703063,25.28397037363933,40.603278662762186,True
2017-11-01,Lacrosse,33.926892840981616,26.508635166364016,41.934094415656006,True
2017-12-01,Lacrosse,44.216695946743734,36.43887755487386,52.2999254735536,True
2018-01-01,Lacrosse,39.36676654553627,31.870230165082972,47.60847594307696,True
2018-02-01,Lacrosse,35.590304755160076,27.68425927499839,43.49763955472586,True
2018-03-01,Lacrosse,43.57380472689289,36.11174899619105,51.02187699306798,True
2015-01-01,Men's Footwear,673.5702132042077,553.0921576212577,793.0180417394554,False
2015-02-01,Men's Footwear,645.6752197659482,530.840239021709,765.9636445744729,False
2015-03-01,Men's Footwear,665.596247677969,551.369927704142,785.2095434480334,False
2015-04-01,Men's Footwear,692.0970756550511,567.9614396493633,817.2822369481784,False
2015-05-01,Men's Footwear,705.1170673260897,585.5893372408724,826.5174430575663,False
2015-06-01,Men's Footwear,709.6498421336179,586.2805971794838,831.385618425325,False
2015-07-01,Men's Footwear,704.8154626916264,588.594081276507,822.8391210532315,False
2015-08-01,Men's Footwear,703.1843667236984,572.5452508397849,826.4423423806037,False
2015-09-01,Men's Footwear,683.6749119269464,559.1035333160299,800.8459444632375,False
2015-10-01,Men's Footwear,533.4968887817245,413.19574920544267,655.4970489907075,False
2015-11-01,Men's Footwear,654.3009204027985,539.6867376724364,775.7560757853547,False
2015-12-01,Men's Footwear,713.1789884484895,596.960580687966,833.3093511627488,False
2016-01-01,Men's Footwear,645.8721553992772,523.2086571147735,767.7494900105921,False
2016-02-01,Men's Footwear,643.6204420818783,524.9641102875656,765.8417543228112,False
2016-03-01,Men's Footwear,695.5201029731438,579.7109284272367,810.2996060078764,False
2016-04-01,Men's Footwear,663.0932560000225,549.188771071613,781.4764734215025,False
2016-05-01,Men's Footwear,689.4544575620089,565.5539179431646,811.3561730167254,False
2016-06-01,Men's Footwear,656.9538504380735,528.2769788717025,775.2173247695087,False
2016-07-01,Men's Footwear,687.8416097170948,569.437139675527,800.5386261880593,False
2016-08-01,Men's Footwear,709.065973408808,591.1450120245629,833.8417745517954,False
2016-09-01,Men's Footwear,684.7531340050165,567.5753003761224,810.4711133532242,False
2016-10-01,Men's Footwear,450.5672393018875,340.2221203800185,568.8596728444456,False
2016-11-01,Men's Footwear,663.1244776970207,538.8705942781394,776.9924762900497,False
2016-12-01,Men's Footwear,694.0247133767195,575.4042731190318,820.2515617644294,False
2017-01-01,Men's Footwear,646.5349154410743,532.8271496542801,771.7537475516527,False
2017-02-01,Men's Footwear,566.5124213108925,446.7146372157522,690.685454163238,False
2017-03-01,Men's Footwear,657.9932261654287,540.4351614747272,781.8311202169324,False
2017-04-01,Men's Footwear,644.8580445741067,525.5462534503978,770.6380988465154,False
2017-05-01,Men's Footwear,666.8257206109126,551.8004270189516,795.0193478750176,False
2017-06-01,Men's Footwear,646.8273638782771,539.992266434263,771.3138593612874,False
2017-07-01,Men's Footwear,666.073129069138,543.3955845432679,789.8376149077199,False
2017-08-01,Men's Footwear,679.468934742023,559.8734264143765,796.4103577465252,False
2017-09-01,Men's Footwear,656.3578748623106,539.3048510610379,773.7193555784969,False
2017-10-01,Men's Footwear,450.44348301649524,328.7253899788689,570.362530466986,False
2017-11-01,Men's Footwear,632.7629554699523,513.2105202007261,757.8985202384983,True
2017-12-01,Men's Footwear,672.7019915141975,548.0796974789312,784.8748413549197,True
2018-01-01,Men's Footwear,618.3763338103807,495.80035529534325,743.8607177279732,True
2018-02-01,Men's Footwear,564.5507368308455,444.5008130254544,692.7265850711033,True
2018-03-01,Men's Footwear,620.3054511650219,499.5753496555553,740.9996818980642,True
2018-04-01,Men's Footwear,626.8173365927231,511.4204985691058,747.4170597753068,True
2017-04-01,Men's Golf Clubs,17.999999718779918,17.999999713191006,17.999999724175648,False
2017-05-01,Men's Golf Clubs,100.99999552084392,100.9999955156639,100.99999552605857,False
2017-06-01,Men's Golf Clubs,83.9999999495049,83.9999999443926,83.9999999547878,False
2017-07-01,Men's Golf Clubs,100.99999563662332,100.99999563111996,100.99999564179184,False
2017-08-01,Men's Golf Clubs,73.00000459912452,73.00000459415415,73.00000460487362,False
2017-09-01,Men's Golf Clubs,43.000004926005325,43.0000049208034,43.00000493132533,False
2017-10-01,Men's Golf Clubs,1045.492563096726,1045.4925291436734,1045.49260195218,True
2017-11-01,Men's Golf Clubs,-576.9386087282362,-576.9387146948142,-576.9384819606934,True
2017-12-01,Men's Golf Clubs,-572.2216163435761,-572.2218464454584,-572.22136357128,True
2018-01-01,Men's Golf Clubs,769.2652206620068,769.2648434432649,769.2656241635577,True
2018-02-01,Men's Golf Clubs,1115.6684631837795,1115.667935649436,1115.6690202432887,True
2018-03-01,Men's Golf Clubs,-1544.6377872485805,-1544.6385006322207,-1544.637013405281,True
2015-01-01,Shop By Sport,1074.179756423943,914.2367810560369,1238.0395895067031,False
2015-02-01,Shop By Sport,942.6196817370621,777.5811245613666,1118.3205741269387,False
2015-03-01,Shop By Sport,1172.027621788131,1004.9101065512742,1333.563527049453,False
2015-04-01,Shop By Sport,1004.0501422367822,843.4793832423591,1180.1886591326731,False
2015-05-01,Shop By Sport,1096.3924119783464,945.33017580322,1283.0883394001064,False
2015-06-01,Shop By Sport,995.8102579344668,837.3928431053324,1173.420562966468,False
2015-07-01,Shop By Sport,1042.8759004316348,888.2586743140458,1208.152773133674,False
2015-08-01,Shop By Sport,1028.9804172951972,851.3570116099307,1195.2705179860932,False
2015-09-01,Shop By Sport,1051.9201298251164,876.772892660401,1202.0987715963138,False
2015-10-01,Shop By Sport,789.0691370897705,619.9348028750278,943.7575419986335,False
2015-11-01,Shop By Sport,1043.2399274477661,876.5929243574066,1202.047736692341,False
2015-12-01,Shop By Sport,1023.6876361574671,853.9805297299415,1205.4196422613422,False
2016-01-01,Shop By Sport,954.354635560133,787.6300901085385,1127.971447834495,False
2016-02-01,Shop By Sport,904.4493783539722,732.8974137041442,1067.5245760688392,False
2016-03-01,Shop By Sport,983.8104718989661,818.3981528584859,1137.3966514817416,False
2016-04-01,Shop By Sport,1062.4428141914577,896.6052901748766,1221.1898236421798,False
2016-05-01,Shop By Sport,993.3573009237095,833.453721229061,1159.7394007795035,False
2016-06-01,Shop By Sport,940.3477376949987,776.1959993217329,1096.5720001953273,False
2016-07-01,Shop By Sport,993.4568420545959,843.0330862725795,1162.9431022750684,False
2016-08-01,Shop By Sport,1019.1159830283815,859.4162984785373,1178.3878959781096,False
2016-09-01,Shop By Sport,1005.9248924077715,827.4411957621222,1168.0578514845433,False
2016-10-01,Shop By Sport,628.8615046921518,465.05114229379564,794.4413150887452,False
2016-11-01,Shop By Sport,958.756840735132,778.7689318298142,1123.7930124665436,False
2016-12-01,Shop By Sport,974.1038585064678,807.8509154806243,1125.7477595284486,False
2017-01-01,Shop By Sport,1077.1247896539153,917.6851355401332,1238.9619004637723,False
2017-02-01,Shop By Sport,785.3571872131739,627.2388212242491,957.9519225181143,False
2017-03-01,Shop By Sport,967.9413806157065,810.3408833151341,1140.2852040464063,False
2017-04-01,Shop By Sport,964.1996963289331,801.1081995999239,1125.6960426641656,False
2017-05-01,Shop By Sport,948.1676415728166,777.6637939995147,1105.7631567412657,False
2017-06-01,Shop By Sport,879.7272845349278,714.945976023594,1042.7797447097041,False
2017-07-01,Shop By Sport,930.8086769578705,764.2075329292278,1095.8985503875517,False
2017-08-01,Shop By Sport,942.921216876239,763.005239806697,1097.9185085145848,False
2017-09-01,Shop By Sport,941.2379542980178,793.6803753910216,1113.663098824426,False
2017-10-01,Shop By Sport,602.7004004259372,430.61848299942505,783.8502037721661,False
2017-11-01,Shop By Sport,908.3719332767739,738.1472132769959,1079.017554258348,True
2017-12-01,Shop By Sport,912.302633082847,745.1126572818064,1080.3481782959293,True
2018-01-01,Shop By Sport,956.5053618769274,785.7422222621469,1124.9698159183451,True
2018-02-01,Shop By Sport,744.2968586228336,582.7959886358946,909.973181662806,True
2018-03-01,Shop By Sport,951.3863675361368,787.3236702735876,1112.0441850650127,True
2018-04-01,Shop By Sport,865.4158452391845,698.8474428976139,1037.693985921698,True
2017-04-01,Soccer,13.999998155711307,13.999998152789802,13.999998158800315,False
2017-05-01,Soccer,83.9999884871503,83.99998848413776,83.99998849025341,False
2017-06-01,Soccer,64.99999997335433,64.999999970198,64.99999997608715,False
2017-07-01,Soccer,59.99999689448729,59.999996891370856,59.99999689752368,False
2017-08-01,Soccer,59.0000050475726,59.00000504451223,59.000005050785965,False
2017-09-01,Soccer,12.999989673290013,12.999989670243217,12.999989676651104,False
2017-10-01,Soccer,1482.9913928126302,1482.991392714013,1482.9913929162801,True
2017-11-01,Soccer,-223.90849610228977,-223.9084964248549,-223.9084957771254,True
2017-12-01,Soccer,-660.1030273713118,-660.1030279973803,-660.1030267672103,True
2018-01-01,Soccer,-107.45321312424355,-107.45321411326887,-107.45321217307497,True
2018-02-01,Soccer,-919.5997287330963,-919.5997301726828,-919.5997273913215,True
2018-03-01,Soccer,815.8728497897631,815.872847862577,815.8728516133359,True
2017-04-01,Strength Training,3.9999998755348543,3.9999998733166118,3.9999998780569714,False
2017-05-01,Strength Training,6.999996088521357,6.999996086196331,6.999996090986569,False
2017-06-01,Strength Training,12.99999892453937,12.999998921972626,12.99999892688308,False
2017-07-01,Strength Training,13.999996603309796,13.999996600934722,13.999996605635568,False
2017-08-01,Strength Training,22.000000013593763,22.000000011174496,22.0000000159445,False
2017-09-01,Strength Training,41.99999904754445,41.99999904527924,41.999999049884934,False
2017-10-01,Strength Training,8.999994704964365,8.999994702641596,8.999994707292243,False
2017-11-01,Strength Training,24.385346082009875,24.38534602759165,24.38534612913937,True
2017-12-01,Strength Training,994.5035543163632,994.5035541335753,994.5035544713276,True
2018-01-01,Strength Training,634.797251528507,634.7972511855723,634.7972518171746,True
2018-02-01,Strength Training,-81.98415528802911,-81.98415580343769,-81.98415482224763,True
2018-03-01,Strength Training,137.1725911148324,137.17259039344896,137.1725917926344,True
2018-04-01,Strength Training,-309.0052101063466,-309.0052110655721,-309.0052091634878,True
2015-01-01,Tennis & Racquet,38.950300544243284,31.233943207042888,47.30566146501674,False
2015-02-01,Tennis & Racquet,32.24609688406656,24.45842115047882,40.30664976846044,False
2015-03-01,Tennis & Racquet,53.61000076699053,45.50530198455886,61.24842926231943,False
2015-04-01,Tennis & Racquet,25.140924573366437,17.125615261341746,33.1868392682303,False
2015-05-01,Tennis & Racquet,24.771286516261455,16.919755573981146,32.625334799939445,False
2015-06-01,Tennis & Racquet,28.166666683577184,20.737376468752306,36.28808440270739,False
2015-07-01,Tennis & Racquet,47.87952004454359,40.03997492876158,56.53251117677379,False
2015-08-01,Tennis & Racquet,39.28410248103934,31.137237560520465,46.160413524377184,False
2015-09-01,Tennis & Racquet,35.612581038627276,27.626917150145637,43.869601579456074,False
2015-10-01,Tennis & Racquet,24.16657914049017,15.920390977442471,32.21620476097002,False
2015-11-01,Tennis & Racquet,36.876589333654074,29.105649845263688,45.44189293599692,False
2015-12-01,Tennis & Racquet,38.19234935975551,30.05212747566378,46.06234855089737,False
2016-01-01,Tennis & Racquet,35.92458455475313,27.11502021692157,44.36403568519783,False
2016-02-01,Tennis & Racquet,31.511755295542535,23.444034324748237,39.927024196799465,False
2016-03-01,Tennis & Racquet,25.481631371640653,17.278490988356022,34.08400430294341,False
2016-04-01,Tennis & Racquet,47.01409017787247,38.99485711172589,55.10504093259622,False
2016-05-01,Tennis & Racquet,25.2681799464112,16.762890020569714,32.91686510498993,False
2016-06-01,Tennis & Racquet,35.87151675840969,28.124857455885216,43.732693166920455,False
2016-07-01,Tennis & Racquet,40.167199753914325,31.655012658785182,48.28607649723879,False
2016-08-01,Tennis & Racquet,28.722301523985607,20.49047905648361,36.86307957091979,False
2016-09-01,Tennis & Racquet,42.378300652091795,34.099569350421405,50.532245279726226,False
2016-10-01,Tennis & Racquet,26.765347051084543,18.940038368714855,34.750579953896114,False
2016-11-01,Tennis & Racquet,32.05013126399094,23.816732363155108,40.7461877915059,False
2016-12-01,Tennis & Racquet,40.737626305779955,32.81137251188779,49.234050370124045,False
2017-01-01,Tennis & Racquet,45.05835070950592,36.99054990008227,52.72854280947565,False
2017-02-01,Tennis & Racquet,34.12666157862041,26.2271975697377,41.86312737046703,False
2017-03-01,Tennis & Racquet,34.95422411204186,27.00079735731327,43.88030105277706,False
2017-04-01,Tennis & Racquet,39.86150469448276,31.42862658045841,48.008326401439994,False
2017-05-01,Tennis & Racquet,25.040050092775527,16.96045914495587,33.2980880045255,True
2017-06-01,Tennis & Racquet,33.21377485494319,25.85634518381375,41.60333978646528,True
2017-07-01,Tennis & Racquet,42.64340628310695,34.782167360936356,50.851802649399964,True
2017-08-01,Tennis & Racquet,32.2815122856036,24.10923816956647,39.87506764564808,True
2017-09-01,Tennis & Racquet,40.18010650839715,31.540116947425034,48.709613065609354,True
2017-10-01,Tennis & Racquet,25.853373073425004,17.691555942275652,33.74672913433829,True
2015-01-01,Trade-In,131.77724727412243,105.36109701873833,159.07076486991377,False
2015-02-01,Trade-In,103.91764451426852,78.39496107490162,129.16984423161563,False
2015-03-01,Trade-In,137.44180087848258,112.25963092094288,161.78501725662153,False
2015-04-01,Trade-In,124.0521747515579,98.07845411716222,150.94004644304042,False
2015-05-01,Trade-In,96.8987705893559,71.01603774927766,123.60193877391087,False
2015-06-01,Trade-In,91.7466294514324,65.46659561273184,116.64273747775984,False
2015-07-01,Trade-In,111.92303474641793,85.41538765522436,135.75162151006413,False
2015-08-01,Trade-In,103.07814456041545,76.04759323345819,129.5777006446234,False
2015-09-01,Trade-In,71.5698251374177,45.450450490424906,97.18473552919242,False
2015-10-01,Trade-In,94.95741227074963,70.31680009862812,120.49363660676185,False
2015-11-01,Trade-In,118.89645386513124,92.39317378735818,144.06630826698157,False
2015-12-01,Trade-In,114.02692001745345,89.09205696169865,141.41201373012245,False
2016-01-01,Trade-In,105.05161488668467,80.60518981206027,131.88540093335143,False
2016-02-01,Trade-In,80.64462066497833,54.43977146278226,105.14651973396919,False
2016-03-01,Trade-In,124.55796466163841,99.93416265560539,150.42338246271171,False
2016-04-01,Trade-In,111.93826671664394,85.15164957332786,138.5549770859889,False
2016-05-01,Trade-In,69.60017785964038,44.11706208668751,97.05951598859734,False
2016-06-01,Trade-In,44.240174838195564,17.175105362165002,70.19608559793112,False
2016-07-01,Trade-In,79.55288506484563,52.11276485590428,105.99922507229,False
2016-08-01,Trade-In,72.17990239130235,44.83483982440999,98.28703166506024,False
2016-09-01,Trade-In,75.87085264964786,49.833895418175324,99.33369275567331,False
2016-10-01,Trade-In,88.11462507623216,62.23874023734518,113.38086916353423,False
2016-11-01,Trade-In,64.12376085549101,38.32484510054442,90.92873708171147,False
2016-12-01,Trade-In,81.0253318086062,54.9604327846587,105.59971970997837,False
2017-01-01,Trade-In,83.17048293281886,58.85594860483731,110.26658216317728,False
2017-02-01,Trade-In,48.41629045995579,21.985397513598986,73.42872839322399,False
2017-03-01,Trade-In,94.97989332134533,69.69937866068321,121.82021772572232,False
2017-04-01,Trade-In,81.92908865021188,56.020513074901906,106.60491905414595,False
2017-05-01,Trade-In,44.53435181729577,18.70430684201672,70.35229239936523,False
2017-06-01,Trade-In,26.055464191936778,0.6031514010200323,51.80013763362108,False
2017-07-01,Trade-In,56.537388366152484,30.38399500612133,80.71814097877622,False
2017-08-01,Trade-In,48.76659296728379,22.512287601862127,75.14388121328172,False
2017-09-01,Trade-In,40.5813736195762,13.365445613284804,65.89748469230273,False
2017-10-01,Trade-In,56.147285385505604,30.502400467475386,83.50388916346633,True
2017-11-01,Trade-In,48.234218203958655,23.38876775656949,73.33358594625538,True
2017-12-01,Trade-In,58.18304124109466,30.926362367270702,82.50192133061712,True
2018-01-01,Trade-In,56.58083778082059,29.11489261797744,81.67151339570815,True
2018-02-01,Trade-In,25.27081394035676,-0.028209694133226076,50.202692236711215,True
2018-03-01,Trade-In,65.3154501933667,40.74327980252262,89.24718095905621,True
2015-01-01,Water Sports,471.3902621256965,388.83047759967235,560.7524598999785,False
2015-02-01,Water Sports,449.1691057971259,365.6592730514729,524.2824532327069,False
2015-03-01,Water Sports,495.1014854949882,416.55266978009956,570.7503774765313,False
2015-04-01,Water Sports,507.5823752716969,420.6241592116729,586.9145900298633,False
2015-05-01,Water Sports,505.66537514070603,423.64407765043,587.4209188232387,False
2015-06-01,Water Sports,485.0298115452727,409.05692534283975,569.2980941838714,False
2015-07-01,Water Sports,483.976541517237,401.5783080761545,566.0214822252202,False
2015-08-01,Water Sports,513.853723095566,428.6232845933366,595.2936249644443,False
2015-09-01,Water Sports,458.8783377022116,382.0040484666813,535.743291315102,False
2015-10-01,Water Sports,393.5100889534486,311.9197979478581,473.3240520523837,False
2015-11-01,Water Sports,465.54883688361326,388.7668707177818,548.2456706341956,False
2015-12-01,Water Sports,496.0501078122147,415.1346703015824,571.9287491379401,False
2016-01-01,Water Sports,450.96400122547124,369.34236886707265,532.9604550737109,False
2016-02-01,Water Sports,416.11979479193315,333.2308234689003,499.26646768238396,False
2016-03-01,Water Sports,476.03199760335855,394.63962339560015,561.8497953547328,False
2016-04-01,Water Sports,448.4363068696214,361.0724697069123,529.8124893856658,False
2016-05-01,Water Sports,508.091622156624,424.5705493085927,586.5397251435102,False
2016-06-01,Water Sports,426.20423378397555,347.4725488220771,500.99064915665167,False
2016-07-01,Water Sports,502.59773752141507,420.8622292815314,580.5974770153508,False
2016-08-01,Water Sports,481.7638499155565,403.33415549115585,564.222771702605,False
2016-09-01,Water Sports,500.7667157355413,422.3733375839876,579.8638489500454,False
2016-10-01,Water Sports,299.8421263190963,215.98255373250498,387.7115489365352,False
2016-11-01,Water Sports,473.3409371340178,397.93327963214136,560.1016274318235,False
2016-12-01,Water Sports,447.7459451925554,372.37655297336977,528.9023631558954,False
2017-01-01,Water Sports,434.36946778058285,351.6123594983319,518.3205495222586,False
2017-02-01,Water Sports,438.35276451763934,356.16809003281384,522.5219804970372,False
2017-03-01,Water Sports,456.40818556896164,373.3247807945195,533.8714537013876,False
2017-04-01,Water Sports,442.49706413954726,361.08759067751384,521.7698467448673,False
2017-05-01,Water Sports,481.72051382276527,400.3359162666071,566.3685393934078,False
2017-06-01,Water Sports,420.3156512121439,335.6034776206221,502.5706674097283,False
2017-07-01,Water Sports,470.95406037619887,387.21454338692655,553.02744129578,False
2017-08-01,Water Sports,466.91027869118193,381.3002632578882,551.8524813334237,False
2017-09-01,Water Sports,460.90418497281826,381.74364497690385,541.3665638625578,False
2017-10-01,Water Sports,305.20101447600985,221.83455373468317,388.31077973817526,False
2017-11-01,Water Sports,445.29301114211717,366.97354662677077,522.4483328689669,True
2017-12-01,Water Sports,438.2975078610857,365.1844484319109,519.7015161587486,True
2018-01-01,Water Sports,414.61915971968403,329.9287192263395,498.93297836041125,True
2018-02-01,Water Sports,405.345251123561,320.8183530457886,488.60552928028955,True
2018-03-01,Water Sports,437.14448240407,351.7161284546064,515.589209723269,True
2018-04-01,Water Sports,436.5967377051678,356.7320079461754,516.643296812659,True
2015-01-01,Women's Apparel,2059.678380618456,1722.2132622811723,2374.278895780566,False
2015-02-01,Women's Apparel,1888.3282058885322,1571.8141449389077,2223.4828486161214,False
2015-03-01,Women's Apparel,2123.763368495828,1790.2703819626786,2462.55449224037,False
2015-04-01,Women's Apparel,1989.3434594279588,1647.2950701063332,2322.7532423687653,False
2015-05-01,Women's Apparel,1989.5836725014792,1673.1190344963227,2327.453826326324,False
2015-06-01,Women's Apparel,1824.4663421969426,1474.576251732404,2158.9438050954736,False
2015-07-01,Women's Apparel,2190.3526806447953,1853.1022961679687,2512.428877917634,False
2015-08-01,Women's Apparel,1955.5479511060921,1619.7616823674866,2273.7880528957185,False
2015-09-01,Women's Apparel,1949.0072656308157,1614.3076414445939,2281.742726018408,False
2015-10-01,Women's Apparel,1607.0078149970543,1282.543090616404,1932.4377262931762,False
2015-11-01,Women's Apparel,1811.1284177068649,1479.9645725936384,2151.8031541975192,False
2015-12-01,Women's Apparel,1911.44060944284,1573.3137003005086,2231.718799752366,False
2016-01-01,Women's Apparel,1976.9101069908806,1636.1994910134051,2296.433839640967,False
2016-02-01,Women's Apparel,1718.4612455785214,1405.8288984289886,2065.9351458379606,False
2016-03-01,Women's Apparel,1906.075120730975,1597.9931294518756,2255.236042432689,False
2016-04-01,Women's Apparel,1742.161701400199,1412.1217056978548,2068.851596553261,False
2016-05-01,Women's Apparel,1904.6046895069833,1561.3675372775117,2233.65581746708,False
2016-06-01,Women's Apparel,1919.5423944954744,1609.8126183967363,2260.2666687805417,False
2016-07-01,Women's Apparel,1918.8376338755006,1597.3316614118328,2238.965313004454,False
2016-08-01,Women's Apparel,2063.8656513225405,1718.9736358939392,2407.6016980547083,False
2016-09-01,Women's Apparel,1935.6696004585772,1624.312685413809,2271.2476352980752,False
2016-10-01,Women's Apparel,1216.7029382280962,884.5766176398988,1562.8174086579786,False
2016-11-01,Women's Apparel,1808.6792894117752,1494.9399214829402,2138.1270448811583,False
2016-12-01,Women's Apparel,1820.340231880026,1473.9178420571593,2163.9629514084627,False
2017-01-01,Women's Apparel,1862.8592754840952,1521.9019401498629,2195.5207096441127,False
2017-02-01,Women's Apparel,1870.3329298743568,1538.6765338959167,2188.914915829888,False
2017-03-01,Women's Apparel,1857.2499342888138,1486.6297671155558,2187.8437679267536,False
2017-04-01,Women's Apparel,1705.1859166475315,1354.3462905449126,2033.0272641747629,False
2017-05-01,Women's Apparel,1814.786511343208,1483.6429285133293,2130.2970915498677,False
2017-06-01,Women's Apparel,1767.8851762730455,1413.8953549459998,2085.597753754638,False
2017-07-01,Women's Apparel,1889.791386289167,1575.2647454914993,2204.1111608463557,False
2017-08-01,Women's Apparel,1908.516483371588,1587.9799637300223,2238.648427408144,False
2017-09-01,Women's Apparel,1818.370708733148,1480.6014825074008,2143.1747218677388,False
2017-10-01,Women's Apparel,1226.7530582358838,901.9065863343346,1589.6191761606385,False
2017-11-01,Women's Apparel,1691.1330197396044,1351.2301707788906,2012.155474711475,True
2017-12-01,Women's Apparel,1731.233861380695,1405.829526269783,2057.8596022462134,True
2018-01-01,Women's Apparel,1782.1552872888228,1429.8580146439563,2081.4233703658215,True
2018-02-01,Women's Apparel,1699.4696652350463,1350.6638347193555,2015.2885962965393,True
2018-03-01,Women's Apparel,1810.0723771508717,1465.985239083502,2131.314704216182,True
2018-04-01,Women's Apparel,1667.847325892598,1321.5817175374439,1995.5616005549598,True
2017-04-01,Women's Golf Clubs,26.99997746757984,26.99997736814416,26.999977565122013,False
2017-05-01,Women's Golf Clubs,79.00000553329366,79.00000543992749,79.00000563322192,False
2017-06-01,Women's Golf Clubs,66.9999916490979,66.99999155177875,66.99999174199033,False
2017-07-01,Women's Golf Clubs,85.0000196204283,85.00001952391902,85.00001972173516,False
2017-08-01,Women's Golf Clubs,129.99999395558035,129.9999938614304,129.99999405679776,False
2017-09-01,Women's Golf Clubs,14.999996160617684,14.999996052843453,14.99999625941703,False
2017-10-01,Women's Golf Clubs,-1618.7032409172998,-1618.703241090598,-1618.703240739441,True
2017-11-01,Women's Golf Clubs,-543.9217150525603,-543.9217154913486,-543.9217145467711,True
2017-12-01,Women's Golf Clubs,-556.1064280429019,-556.1064289472183,-556.106427044385,True
2018-01-01,Women's Golf Clubs,-2688.199380538877,-2688.199381990004,-2688.199378988129,True
2018-02-01,Women's Golf Clubs,-1371.5659053664017,-1371.5659075297256,-1371.5659031676048,True
2018-03-01,Women's Golf Clubs,-877.9685823225523,-877.9685853260526,-877.9685794089181,True
